{
  "health_ols": {
    "intercept": 108.79018802090037,
    "params": {
      "age": -0.42098016471171146,
      "bmi": -0.48913787008696824,
      "is_smoking": -3.832087153298461,
      "is_exercise": 1.7161260629049657,
      "has_family_history": -1.0600609990439005,
      "condition_count": -2.545356897486773,
      "monthly_income_millions_vnd": 0.006288452615210244
    },
    "method": "OLS (Gaussian, identity link)"
  },
  "mortality_gamma": {
    "intercept": -0.5959431653456186,
    "params": {
      "age": 0.01386742885481201,
      "bmi": 0.0042824654562648515,
      "is_smoking": 0.19544023648139455,
      "is_exercise": -0.09301818207991118,
      "has_family_history": 0.08141955715901461,
      "condition_count": 0.21793258967783943,
      "monthly_income_millions_vnd": -5.1593987991878365e-05
    },
    "method": "GLM (Gamma, log link) \u2014 predict = exp(X @ params)"
  },
  "feature_order": [
    "age",
    "bmi",
    "is_smoking",
    "is_exercise",
    "has_family_history",
    "condition_count",
    "monthly_income_millions_vnd"
  ]
}